Model,CV_Accuracy,P_value
Logistic Regression,0.6514285714285715,0.01998001998001998
Random Forest,0.7066666666666667,0.002997002997002997
XGBoost,0.6952380952380952,0.002997002997002997
